song_name,artist,streams,genre
Blinding Lights,The Weeknd,3800000000,Pop
Shape of You,Ed Sheeran,3500000000,Pop
Starboy,The Weeknd,2900000000,Pop
As It Was,Harry Styles,3100000000,Pop
Levitating,Dua Lipa,2400000000,Pop
Bohemian Rhapsody,Queen,2200000000,Rock
Hotel California,Eagles,1800000000,Rock
Smells Like Teen Spirit,Nirvana,1900000000,Rock
Sicko Mode,Travis Scott,2100000000,Hip-Hop
HUMBLE.,Kendrick Lamar,2000000000,Hip-Hop
Lose Yourself,Eminem,2300000000,Hip-Hop
Get Lucky,Daft Punk,1500000000,Electronic
Strobe,deadmau5,400000000,Electronic
